<?xml version="1.0" encoding="UTF-8"?>
<rss version="2.0" xmlns:atom="http://www.w3.org/2005/Atom">
  <channel>
    <title>shanejiang.com</title>
    <description>Shane&#39;s Blog</description>
    <link>http://shanejiang.com/</link>
    <atom:link href="http://shanejiang.com/feed.xml" rel="self" type="application/rss+xml" />
    <pubDate>Fri, 05 Sep 2014 21:49:33 -0400</pubDate>
    <lastBuildDate>Fri, 05 Sep 2014 21:49:33 -0400</lastBuildDate>
    <generator>Jekyll v2.3.0</generator>
    
      <item>
        <title>Embedding D3.js viz to Jekyll blog post</title>
        <description>&lt;p&gt;It will be inevitable to encounter a situation where I need to embed some d3 viz to my blog post written in MarkDown. Orginally, I got the idea of solutions from a &lt;a href=&quot;http://stackoverflow.com/questions/22651346/how-to-embed-a-d3-js-example-to-the-jekyll-blog-post&quot;&gt;Stack Overflow question&lt;/a&gt;. However, it does not work perfect for me as i follow the steps.&lt;/p&gt;

&lt;p&gt;Here I will use a short but fun d3 example to illustrate how I finally make it. You can play with it by moving your mouse over the background.&lt;/p&gt;

&lt;div id=&#39;convas&#39;&gt;&lt;/div&gt;


&lt;p&gt;&lt;link href=&#39;/css/embed_d3.css&#39; rel=&#39;stylesheet&#39;&gt;&lt;/p&gt;

&lt;script type=&quot;text/javascript&quot; src=&quot;http://mbostock.github.com/d3/d3.js?1.25.0&quot;&gt;&lt;/script&gt;


&lt;script type=&quot;text/javascript&quot;&gt;
      var w = 680,
          h= 500,
          z = d3.scale.category20(),
          i = 0;
      var svg = d3.select(&quot;div#convas&quot;).append(&quot;svg&quot;)
          .attr(&quot;width&quot;, w)
          .attr(&quot;height&quot;, h)
          .style(&quot;pointer-events&quot;, &quot;all&quot;)
          .on(&quot;mousemove&quot;, heart_line);

      var line = d3.svg.line()
                    .interpolate(&quot;cardinal&quot;)
                    .x(function(d) { return d[0]; })
                    .y(function(d) { return d[1]; });

      function heart_shape(x, y, r){
        var points = [];
        for (i=0; i&lt;=360; i=i+12){
          pointX = x -  r*(12*Math.sin(i*Math.PI/180) - 4*Math.sin(3*i*Math.PI/180));
          pointY = y -  r*(13*Math.cos(i*Math.PI/180) - 5*Math.cos(2*i*Math.PI/180) - 2*Math.cos(3*i*Math.PI/180));
          points.push([pointX, pointY]);
        }
        return points;
      }

      function heart_line() {
        var m = d3.svg.mouse(this); 
        svg.append(&quot;path&quot;)
            .attr(&quot;d&quot;, function() {return line(heart_shape(m[0], m[1], 1e-6)); })
            .style(&quot;stroke&quot;, function() { return z(parseInt(Math.random() * 100));})
            .style(&quot;fill&quot;, &quot;none&quot;)
            .style(&quot;stroke-opacity&quot;, 1)
            .style(&quot;stroke-width&quot;, 3.5)
            .attr(&#39;class&#39;, &#39;heart_shape&#39;)
            .transition()
            .duration(2000)
            .ease(Math.sqrt)
            .attr(&quot;d&quot;, function() { return line(heart_shape(m[0], m[1], 10)); })
            .style(&quot;stroke-opacity&quot;, 1e-6)
            .remove();
            }
&lt;/script&gt;


&lt;p&gt;This is my MarkDown code.&lt;/p&gt;

&lt;pre&gt;&lt;code&gt;&amp;lt;div id=&#39;convas&#39;&amp;gt;&amp;lt;/div&amp;gt;
&amp;lt;link href=&#39;/css/embed_d3.css&#39; rel=&#39;stylesheet&#39;&amp;gt;
&amp;lt;script type=&quot;text/javascript&quot; src=&quot;http://mbostock.github.com/d3/d3.js?1.25.0&quot;&amp;gt;&amp;lt;/script&amp;gt;
&amp;lt;script type=&quot;text/javascript&quot;&amp;gt;
      var w = 680,
          h= 500,
          z = d3.scale.category20(),
          i = 0;
      var svg = d3.select(&quot;div#convas&quot;).append(&quot;svg&quot;)
          .attr(&quot;width&quot;, w)
          .attr(&quot;height&quot;, h)
          .style(&quot;pointer-events&quot;, &quot;all&quot;)
          .on(&quot;mousemove&quot;, heart_line);

      var line = d3.svg.line()
                    .interpolate(&quot;cardinal&quot;)
                    .x(function(d) { return d[0]; })
                    .y(function(d) { return d[1]; });

      function heart_shape(x, y, r){
        var points = [];
        for (i=0; i&amp;lt;=360; i=i+12){
          pointX = x -  r*(12*Math.sin(i*Math.PI/180) - 4*Math.sin(3*i*Math.PI/180));
          pointY = y -  r*(13*Math.cos(i*Math.PI/180) - 5*Math.cos(2*i*Math.PI/180) - 2*Math.cos(3*i*Math.PI/180));
          points.push([pointX, pointY]);
        }
        return points;
      }

      function heart_line() {
        var m = d3.svg.mouse(this); 
        svg.append(&quot;path&quot;)
            .attr(&quot;d&quot;, function() {return line(heart_shape(m[0], m[1], 1e-6)); })
            .style(&quot;stroke&quot;, function() { return z(parseInt(Math.random() * 100));})
            .style(&quot;fill&quot;, &quot;none&quot;)
            .style(&quot;stroke-opacity&quot;, 1)
            .style(&quot;stroke-width&quot;, 3.5)
            .attr(&#39;class&#39;, &#39;heart_shape&#39;)
            .transition()
            .duration(2000)
            .ease(Math.sqrt)
            .attr(&quot;d&quot;, function() { return line(heart_shape(m[0], m[1], 10)); })
            .style(&quot;stroke-opacity&quot;, 1e-6)
            .remove();
            }
&amp;lt;/script&amp;gt;
&lt;/code&gt;&lt;/pre&gt;

&lt;p&gt;Basically, compared to a very typically &lt;a href=&quot;http://bl.ocks.org/mbostock/3883245&quot;&gt;d3.js viz code&lt;/a&gt;, I made the following changes:&lt;/p&gt;

&lt;ul&gt;
&lt;li&gt;Remove all the tags, like &lt;code&gt;&amp;lt;head&amp;gt;&amp;lt;/head&amp;gt;&lt;/code&gt;, &lt;code&gt;&amp;lt;html&amp;gt;&amp;lt;/html&amp;gt;&lt;/code&gt;, &lt;code&gt;&amp;lt;body&amp;gt;&amp;lt;/body&amp;gt;&lt;/code&gt;, except for &lt;code&gt;&amp;lt;script&amp;gt;&amp;lt;/script&amp;gt;&lt;/code&gt;, which is where the viz code goes to.&lt;/li&gt;
&lt;li&gt;Create a new element called &lt;code&gt;&amp;lt;div id=&#39;convas&#39;&amp;gt;&amp;lt;/div&amp;gt;&lt;/code&gt; as the body of graph. This element should be placed at the top, otherwise, it will not render successfully.&lt;/li&gt;
&lt;li&gt;Save the css styling code externally, and import it with &lt;code&gt;&amp;lt;link href=&#39;/css/embed_d3.css&#39; rel=&#39;stylesheet&#39;&amp;gt;&lt;/code&gt;.&lt;/li&gt;
&lt;/ul&gt;

</description>
        <pubDate>Fri, 05 Sep 2014 00:00:00 -0400</pubDate>
        <link>http://shanejiang.com/embed-d3</link>
        <guid isPermaLink="true">http://shanejiang.com/embed-d3</guid>
        
        
        <category>blog</category>
        
      </item>
    
      <item>
        <title>D3.js array tools for data cleaning</title>
        <description>&lt;p&gt;Data cleaning is a very common task in a data visualization project. I used to rely heavily on Python as the tool to do the most work of data cleaning. Python is a great option, however, it is sometimes a pain in the ass that I have to input the raw data from database to Python for data cleaning, and then output the results to D3.js for data visualization. In fact, D3.js itself is packed with a bunch of tools that allow us to massage the raw data to our desired structures in a very handy way.&lt;/p&gt;

&lt;p&gt;I will walk through some of the common tools that make your life easier. The best way to explain is by examples. (You can find more from &lt;a href=&quot;https://github.com/mbostock/d3/wiki/Arrays&quot; title=&quot;D3 document&quot;&gt;D3 Arrays Documentation&lt;/a&gt;)&lt;/p&gt;

&lt;h2&gt;Array Operators&lt;/h2&gt;

&lt;h3&gt;d3.range()&lt;/h3&gt;

&lt;p&gt;d3.range() generates an array containing arithmetic progression, similar to Python built-in &lt;a href=&quot;https://docs.python.org/2/library/functions.html#range&quot; title=&quot;range&quot;&gt;range&lt;/a&gt;. d3.range([start, ]stop[, step]) takes up to three arguments, and two of them are optional.&lt;/p&gt;

&lt;h4&gt;start&lt;/h4&gt;

&lt;p&gt;The argument start is defaults to 0 and decides where the range array starts.&lt;/p&gt;

&lt;h4&gt;stop&lt;/h4&gt;

&lt;p&gt;The argument stop is required and will determine where the range array stops. The top number will not be included in the range array.&lt;/p&gt;

&lt;h4&gt;step&lt;/h4&gt;

&lt;p&gt;The argument step is optional and defaults to 1. It determines how quickly the range array increments or decrement value by value. If set to positive, then the last value will be the largest, and if negative, the first value is the largest. Step can be set to be a float, not just integers, which is different to Python range.&lt;/p&gt;

&lt;pre&gt;&lt;code&gt;d3.range(10) // returns [0, 1, 2, 3, 4, 5, 6, 7, 8, 9]
d3.range(2, 7) // returns [2, 3, 4, 5, 6]
d3.range(2, 7, 2) // returns [2, 4, 6]
d3.range(2, 7, 1.2) // returns [2, 3.2, 4.4, 5.6, 6.8]
&lt;/code&gt;&lt;/pre&gt;

&lt;h3&gt;d3.permute()&lt;/h3&gt;

&lt;p&gt;d3.permute(array, indexes) generates the permuations of given array based upon the positions provided. It takes two arguments:&lt;/p&gt;

&lt;h4&gt;array&lt;/h4&gt;

&lt;p&gt;The original array we are going to run permutations on.&lt;/p&gt;

&lt;h4&gt;indexes&lt;/h4&gt;

&lt;p&gt;The indexed are a list of integers representing the locations of each element in the arranged array.&lt;/p&gt;

&lt;pre&gt;&lt;code&gt;d3.permute([&#39;a&#39;, &#39;b&#39;, &#39;c&#39;], [2, 1, 0]) // returns [&quot;c&quot;, &quot;b&quot;, &quot;a&quot;]
d3.permute([&#39;a&#39;, &#39;b&#39;, &#39;c&#39;], [1, 1, 0, 2]) // returns [&quot;b&quot;, &quot;b&quot;, &quot;a&quot;, &quot;c&quot;]
d3.permute([&#39;a&#39;, &#39;b&#39;, &#39;c&#39;], [1, 4]) // returns [&quot;b&quot;, undefined]
&lt;/code&gt;&lt;/pre&gt;

&lt;h3&gt;d3.merge(arrays)&lt;/h3&gt;

&lt;p&gt;It merges array of arrays to a single array.&lt;/p&gt;

&lt;pre&gt;&lt;code&gt;d3.merge([[1, 2], [3, 4], [&#39;a&#39;, &#39;b&#39;, &#39;c&#39;]]);
//returns [1, 2, 3, 4, &quot;a&quot;, &quot;b&quot;, &quot;c&quot;]

d3.merge([[1, 2], [3, 4, [&#39;a&#39;, &#39;b&#39;, &#39;c&#39;]]]);
//returns [1, 2, 3, 4, [&quot;a&quot;, &quot;b&quot; ,&quot;c&quot;]]
&lt;/code&gt;&lt;/pre&gt;

&lt;h3&gt;d3.zip(arrays)&lt;/h3&gt;

&lt;p&gt;It returns a list of arrays, where the i-th element from each of the argument arrays.&lt;/p&gt;

&lt;pre&gt;&lt;code&gt;d3.zip([1, 2], [3, 4]);
//returns [[1, 3], [2, 4]]

d3.zip([1, 2], [3, 4, 5]);
//returns [[1, 3], [2, 4]]

d3.zip([1, 2])
//returns [[1], 2]

d3.zip([1, 2], [3, 4], [5, 6])
//returns [[1, 3, 5], [2, 4, 6]]
&lt;/code&gt;&lt;/pre&gt;

&lt;h3&gt;d3.transpose(array)&lt;/h3&gt;

&lt;p&gt;Return the transposition of a matrix(defind as an array of arrays here). If A is a m x n matrix, then transposition of A is an n x m matrix.&lt;/p&gt;

&lt;pre&gt;&lt;code&gt;var matrix = [[1, 2, 3], [4, 5, 6]];
d3.transpose(matrix);//returns [[1, 4], [2, 5], [3, 6]]

d3.transpose([[], [1, 2]]); //returns []
d3.transpose([[1], [1, 2]]); //returns [1]
&lt;/code&gt;&lt;/pre&gt;

&lt;h3&gt;d3.pairs(array)&lt;/h3&gt;

&lt;p&gt;For each adjacent pair of elements in the specified array, returns a new array of tuples of element i and element i - 1. For example:&lt;/p&gt;

&lt;pre&gt;&lt;code&gt;d3.pairs([1, 2, 3, 4]); //returns [[1, 2], [2, 3], [3, 4]]
d3.pairs([1]); //returns []
d3.pairs([1, 2]); //returns [[1, 2]]
&lt;/code&gt;&lt;/pre&gt;

&lt;h3&gt;array.forEach()&lt;/h3&gt;

&lt;p&gt;The array.forEach(callback[, thisArg]) method is used to iterate over the array items. It requires at most two arguments:&lt;/p&gt;

&lt;h4&gt;callback&lt;/h4&gt;

&lt;p&gt;The callback is a function which will be executed on every single element in the array. It takes three arguments:&lt;/p&gt;

&lt;ul&gt;
&lt;li&gt;&lt;code&gt;currentValue&lt;/code&gt;
The current element being processed in the array.&lt;/li&gt;
&lt;li&gt;&lt;code&gt;index&lt;/code&gt;
The index of the current element being processed in the array.&lt;/li&gt;
&lt;li&gt;&lt;code&gt;array&lt;/code&gt;
The array &lt;code&gt;forEach&lt;/code&gt; was called upon, i.e., the original array being iterated&lt;/li&gt;
&lt;/ul&gt;


&lt;h4&gt;thisArg&lt;/h4&gt;

&lt;p&gt;Value to use as &lt;code&gt;this&lt;/code&gt; when executing &lt;code&gt;callback&lt;/code&gt;.&lt;/p&gt;

&lt;pre&gt;&lt;code&gt;[&#39;a&#39;, &#39;b&#39;, &#39;c&#39;].forEach(function(d, i, arr) {
    console.log(d, i, arr)
    })
//returns 
//a 0 [&quot;a&quot;, &quot;b&quot;, &quot;c&quot;]
//b 1 [&quot;a&quot;, &quot;b&quot;, &quot;c&quot;]
//c 2 [&quot;a&quot;, &quot;b&quot;, &quot;c&quot;]
&lt;/code&gt;&lt;/pre&gt;

&lt;h3&gt;array.map()&lt;/h3&gt;

&lt;p&gt;Similar to array.forEach(), array.map(callback[, thisArg]) is used to iterate over items in the given array. The difference is, it returns the item after calling the &lt;code&gt;callback&lt;/code&gt; upon so that it allows us to create a new array with the same length as the original one.&lt;/p&gt;

&lt;pre&gt;&lt;code&gt;[1, 2, 3].map(function(d) {
    return &#39;f(&#39; + d + &#39;)&#39;
    })
//returns [&quot;f(1)&quot;, &quot;f(2)&quot;, &quot;f(3)&quot;]
&lt;/code&gt;&lt;/pre&gt;

&lt;h3&gt;array.filter()&lt;/h3&gt;

&lt;p&gt;array.filter(callback[, thisArg]) returns a new array based on the truth test provided by callback function.&lt;/p&gt;

&lt;pre&gt;&lt;code&gt;[3, 4, 5, 6, 7, 8, 9].filter(function(d) {
    return (d % 2 === 0)
})
//returns [4, 6, 8]
&lt;/code&gt;&lt;/pre&gt;

&lt;h3&gt;array.sort()&lt;/h3&gt;

&lt;p&gt;The array.sort([compareFunction]) sorts the elements of an array &lt;code&gt;in place&lt;/code&gt;, meaning it does not return a new array but instead returns the original.&lt;/p&gt;

&lt;h4&gt;compareFunction&lt;/h4&gt;

&lt;p&gt;Specifies a function that defines the sort order. If omitted, the array is sorted lexicographically, NOT numerically by default. This means it sorts the elements according to the string conversion of each element.
If &lt;code&gt;compareFunction&lt;/code&gt; is specified, the array elements are sorted according to the return value of the compare function. If a and b are two elements being compared, then:&lt;/p&gt;

&lt;ul&gt;
&lt;li&gt;if compareFunction(a, b) is less than 0, then a comes first.&lt;/li&gt;
&lt;li&gt;if compareFunction(a, b) returns 0, then leave a and b unchanged.&lt;/li&gt;
&lt;li&gt;if compareFunction(a, b) is larger than 0, then b comes first.&lt;/li&gt;
&lt;/ul&gt;


&lt;p&gt;For examples,&lt;/p&gt;

&lt;pre&gt;&lt;code&gt;var original = [&#39;Welcome&#39;, &#39;to&#39;, &#39;my&#39;, &#39;blog&#39;];
var sorted = original.sort();
sorted; //[&quot;Welcome&quot;, &quot;blog&quot;, &quot;my&quot;, &quot;to&quot;]
original; //[&quot;Welcome&quot;, &quot;blog&quot;, &quot;my&quot;, &quot;to&quot;]

var nums = [3, 2, 1, 5, 6, 10, 8, 4, 9, 7];
nums.sort(); // returns [1, 10, 2, 3, 4, 5, 6, 7, 8, 9]

nums.sort(function(a, b){
return a - b;
}); //returns [1, 2, 3, 4, 5, 6, 7, 8, 9, 10];
&lt;/code&gt;&lt;/pre&gt;

&lt;h2&gt;Ordering&lt;/h2&gt;

&lt;h3&gt;d3.ascending()/d3.descending()&lt;/h3&gt;

&lt;p&gt;They are very much like the &lt;code&gt;compareFunction&lt;/code&gt; in array.sort() method. They accept two arguments: a and b.
* d3.ascending(a, b) returns -1 if a is less than b; returns 1 if a is larger than b; 0 if equal.
* d3.descending(a, b) returns the opposite.
Of course they can be passed into the array.sort() method. For example:&lt;/p&gt;

&lt;pre&gt;&lt;code&gt;var nums = [1, 5, 3, 8];
arr.sort(d3.ascending); //returns [1, 3, 5, 8]
arr.sort(d3.descending); //returns [8, 5, 3, 1]
&lt;/code&gt;&lt;/pre&gt;

&lt;h3&gt;d3.shuffle(array)&lt;/h3&gt;

&lt;p&gt;This method randomizes the elements of the given array.&lt;/p&gt;

&lt;h3&gt;d3.extent(array)&lt;/h3&gt;

&lt;p&gt;It returns the minimum and maximum of the array:&lt;/p&gt;

&lt;pre&gt;&lt;code&gt;d3.extent([3, 0, 5, 7]); //returns [0, 7]
&lt;/code&gt;&lt;/pre&gt;

&lt;h3&gt;d3.quantile(numbers, p)&lt;/h3&gt;

&lt;p&gt;It returns the p-quantile of the numbers, where p is a number between [0, 1]. For the quantile to work properly, the numbers array must be already sorted in ascending order.&lt;/p&gt;

&lt;pre&gt;&lt;code&gt;var nums = [1, 3, 5, 7, 9];
d3.quantile(nums, 0.5); //returns 5
d3.quantile(nums, 0.25); //returns 3

d3.quantile([1, 5, 3], 0.5); //returns 5, NOT 3 because the numbers are not sorted.
&lt;/code&gt;&lt;/pre&gt;

&lt;h3&gt;d3.min(), d3.max(), d3.sum(), d3.mean(), and d3.median()&lt;/h3&gt;

&lt;p&gt;They return the minimal, maximum, summation, average and median of the given array respectively. They all share the same usage like d3.min(array[, accessor]), for example.&lt;/p&gt;

&lt;pre&gt;&lt;code&gt;var nums = [0, 50, 20, 10];
d3.min(nums); //returns 0
d3.max(nums); //return 50
d3.mean(nums); //return 20
d3.sum(nums); //return 80
d3.median(nums); //return 15

//with accessor supplied
var nums = [{x: &#39;a&#39;, y: 0}, {x: &#39;b&#39;, y: 50}, {x: &#39;c&#39;, y: 20}, {x: &#39;d&#39;, y: 10}]
d3.min(nums, function(d) { return d.y; }) //returns 0
d3.sum(nums, function(d) { return d.y; }) //returns 80
&lt;/code&gt;&lt;/pre&gt;

&lt;h2&gt;Associative Arrays&lt;/h2&gt;

&lt;h3&gt;d3.keys(object)&lt;/h3&gt;

&lt;p&gt;It returns an array of key names of the given object.&lt;/p&gt;

&lt;pre&gt;&lt;code&gt;d3.keys({&#39;x&#39;: 1, &#39;y&#39;: 2, &#39;z&#39;: 3}); //returns [&#39;x&#39;, &#39;y&#39;, &#39;z&#39;]
&lt;/code&gt;&lt;/pre&gt;

&lt;h3&gt;d3.values(object)&lt;/h3&gt;

&lt;p&gt;It returns an array containing all the values of the given object.&lt;/p&gt;

&lt;pre&gt;&lt;code&gt;d3.values({&#39;x&#39;: 1, &#39;y&#39;: 2, &#39;z&#39;: 3}); //returns [1, 2, 3]
&lt;/code&gt;&lt;/pre&gt;

&lt;h3&gt;d3.entries(object)&lt;/h3&gt;

&lt;p&gt;It returns an array containing the keys and values of the given object. Each entry is an object with a key and value attribute.&lt;/p&gt;

&lt;pre&gt;&lt;code&gt;d3.entries({x: 1, y: 2});
//returns [{key: &#39;x&#39;, value: 1}, {key: &#39;y&#39;, value: 2}]
&lt;/code&gt;&lt;/pre&gt;
</description>
        <pubDate>Tue, 02 Sep 2014 00:00:00 -0400</pubDate>
        <link>http://shanejiang.com/d3-array-helpers</link>
        <guid isPermaLink="true">http://shanejiang.com/d3-array-helpers</guid>
        
        
        <category>blog</category>
        
      </item>
    
      <item>
        <title>我是如何把这个博客建起来的</title>
        <description>&lt;p&gt;趁着这个Laber Day的周末，总算把拖了许久的个人博客网站给搭起来了。嗯，貌似建好博客的惯例通常是把初篇献给“我为什么写博客”这个主题。不过在我看来，更要紧的是趁自己对这一切还有印象的时候，梳理一下流程，以免将来遗忘，也希望对后来者有所帮助。&lt;/p&gt;

&lt;p&gt;大致说来，整个建站从域名开始，涉及到以下服务及技术：&lt;/p&gt;

&lt;ul&gt;
&lt;li&gt;&lt;a href=&quot;www.godaddy.com&quot; title=&quot;Godaddy&quot;&gt;Godaddy&lt;/a&gt;上注册购买域名，域名解析使用&lt;a href=&quot;www.dnspod.cn&quot; title=&quot;DNSPod&quot;&gt;DNSPod&lt;/a&gt;&lt;/li&gt;
&lt;li&gt;将代码托管在&lt;a href=&quot;www.github.com&quot; title=&quot;Github&quot;&gt;Github&lt;/a&gt;，使用&lt;a href=&quot;pages.github.com&quot; title=&quot;Github Pages&quot;&gt;Github Pages&lt;/a&gt;来发布网站&lt;/li&gt;
&lt;li&gt;使用&lt;a href=&quot;http://jekyllrb.com&quot; title=&quot;Jekyll&quot;&gt;Jekyll&lt;/a&gt;模板系统，编写整个网站&lt;/li&gt;
&lt;li&gt;使用&lt;a href=&quot;https://disqus.com&quot; title=&quot;Disqus&quot;&gt;Disqus&lt;/a&gt;托管评论&lt;/li&gt;
&lt;/ul&gt;


&lt;p&gt;除了域名购买需要花点银两，剩下的服务全部免费。&lt;/p&gt;

&lt;h2&gt;购买绑定个性域名&lt;/h2&gt;

&lt;p&gt;直奔&lt;a href=&quot;www.godaddy.com&quot; title=&quot;Godaddy&quot;&gt;Godaddy&lt;/a&gt;，注册邮箱验证这些常规手续就不说了。然后在搜索框中输入自己想要的域名，点击查看是否可以注册。当你选定域名后，进入付款环节，系统会提供一些需要额外付费的推荐服务，比如隐私保护，域名邮箱，网站空间等，不想买就不用管，结账！&lt;/p&gt;

&lt;p&gt;虽然&lt;a href=&quot;www.godaddy.com&quot; title=&quot;Godaddy&quot;&gt;Godaddy&lt;/a&gt;家也提供域名解析服务，毕竟是国外的服务器，出于对可能被墙的而导致域名无法访问的担忧，还是把域名解析服务迁移到国内比较稳定的服务商处。不用担心，这个过程不会对你的域名所有权产生任何影响。&lt;/p&gt;

&lt;p&gt;&lt;a href=&quot;www.dnspod.cn&quot; title=&quot;DNSPod&quot;&gt;DNSPod&lt;/a&gt;家的服务很好用，而且免费，整个过程简单到没有给我留下任何可折腾的空间。 官方的&lt;a href=&quot;https://support.dnspod.cn/Kb/showarticle/tsid/177/&quot;&gt;帮助文档&lt;/a&gt;已经有了很详实的介绍，包括&lt;a href=&quot;https://support.dnspod.cn/Kb/showarticle/?qtype=%E5%8A%9F%E8%83%BD%E4%BB%8B%E7%BB%8D%E5%8F%8A%E4%BD%BF%E7%94%A8%E6%95%99%E7%A8%8B&amp;amp;tsid=42&quot;&gt;godaddy注册的域名如何使用DNSPod&lt;/a&gt;,只需三步即可。&lt;/p&gt;

&lt;p&gt;不过由于我们接下来会使用&lt;a href=&quot;pages.github.com&quot; title=&quot;Github Pages&quot;&gt;Github Pages&lt;/a&gt;来发布网站，因此需要额外插入一步： 在DNSPod自己的域名下添加两条A记录(或者修改原有存在的那条A记录并添加一条)，地址分别为：192.30.252.153 和 192.30.252.154，正是Github Pages的服务IP地址。最终效果如下：
&lt;img src=&quot;/images/githubpages/DNSPod.png&quot; alt=&quot;&quot; /&gt;&lt;/p&gt;

&lt;p&gt;域名的配置部分完成，需耐心等待解析生效。&lt;/p&gt;

&lt;h2&gt;使用Github Pages建立博客&lt;/h2&gt;

&lt;p&gt;在此之前，你需要对Git和Github有基本的了解和掌握。这里有一份不错的&lt;a href=&quot;https://www.atlassian.com/git/tutorial/git-basics&quot; title=&quot;Git Basics&quot;&gt;基础教程&lt;/a&gt;，或者查看&lt;a href=&quot;https://help.github.com/&quot; title=&quot;Github Help&quot;&gt;官方文档&lt;/a&gt;。&lt;/p&gt;

&lt;h3&gt;User Pages&lt;/h3&gt;

&lt;p&gt;顺利与Github建立连接后，点击其主页面右上角你的用户名旁边的加号，创建一个新的repository，这里将是你用来托管网站代码的仓库。为了使用Pages的服务，repo的名字必须形如&lt;code&gt;username.github.io&lt;/code&gt;，比如我的repo名字就是&lt;code&gt;Jiangshangmin.github.io&lt;/code&gt;，Jiangshangmin是我的用户名。&lt;/p&gt;

&lt;p&gt;创建好后，让我们来实操一个最简单的hello world网站。
打开terminal，创建一个目录，用来存放我们刚刚新建的repo：&lt;/p&gt;

&lt;pre&gt;&lt;code&gt;$ makir /path/to/source-code
$ cd /path/to/source-code
&lt;/code&gt;&lt;/pre&gt;

&lt;p&gt;或者，直接存放在根目录上：&lt;/p&gt;

&lt;pre&gt;&lt;code&gt;$ cd ~
&lt;/code&gt;&lt;/pre&gt;

&lt;p&gt;把新建的repo clone下来：&lt;/p&gt;

&lt;pre&gt;&lt;code&gt;$ git clone https://github.com/username/username.github.io.git
$ cd username.github.io
&lt;/code&gt;&lt;/pre&gt;

&lt;p&gt;创建显示&#39;hello world&#39;的网页：&lt;/p&gt;

&lt;pre&gt;&lt;code&gt;$ echo &quot;Hello, World&quot; &amp;gt; index.html
&lt;/code&gt;&lt;/pre&gt;

&lt;p&gt;add, commit，push你的代码到Github的mater分支，也就是主干上。&lt;/p&gt;

&lt;pre&gt;&lt;code&gt;$ git add index.html
$ git commit -m &#39;my first commit&#39;
$ git push origin master
&lt;/code&gt;&lt;/pre&gt;

&lt;p&gt;然后静等页面生效。第一次需要一些时间，稍等最多10分钟，以后基本就是秒更了。
生效之后，访问&lt;code&gt;http://username.github.io/&lt;/code&gt;， 就可以看到你上传的显示&lt;code&gt;Hello, World&lt;/code&gt;的页面了。&lt;/p&gt;

&lt;h3&gt;绑定个性域名&lt;/h3&gt;

&lt;p&gt;在之前DNS部分的设置里，我们已经添加了Github的两条A记录。要想让&lt;code&gt;username.github.io&lt;/code&gt;通过你自己的域名来访问，只需要在repo的根目录下新建一个名为&lt;code&gt;CNAME&lt;/code&gt;的文件，内容形如：mydomain.com 。比如我的就是 shanejiang.com&lt;/p&gt;

&lt;pre&gt;&lt;code&gt;$ echo &#39;mydomain.com&#39; &amp;gt; CNAME
&lt;/code&gt;&lt;/pre&gt;

&lt;p&gt;如果有ERROR，点击&lt;a href=&quot;https://help.github.com/articles/my-custom-domain-isn-t-working&quot; title=&quot;Custom Domain&quot;&gt;这里&lt;/a&gt;查看获取帮助。
至此，网站已经能顺利通过你自己的域名发布了，剩下的就是网页内容了。&lt;/p&gt;

&lt;h2&gt;Jekyll&lt;/h2&gt;

&lt;p&gt;Jekyll是一个简单的免费的Blog生成工具, 一个强大的静态模板系统，不需要数据库支持。它可以配合第三方服务,例如disqus，也就是我们接下来会涉及到的评论托管服务。最关键的是jekyll可以免费部署在Github上，而且可以绑定自己的域名。&lt;/p&gt;

&lt;h3&gt;搭建Jekyll本地环境&lt;/h3&gt;

&lt;p&gt;使用Gem安装jekyll&lt;/p&gt;

&lt;pre&gt;&lt;code&gt;$ gem install jekyll
&lt;/code&gt;&lt;/pre&gt;

&lt;p&gt;顺利安装结束后，我们先新建一个jekyll-demo的初始项目来熟悉一下Jekyll的基本结构:&lt;/p&gt;

&lt;pre&gt;&lt;code&gt;$ cd ~
$ jekyll new jekyll-demo
$ cd jekyll-demo
$ jekyll serve
&lt;/code&gt;&lt;/pre&gt;

&lt;p&gt;通过访问&lt;code&gt;localhost: 4000&lt;/code&gt;，你就可以看到Jekyll默认的基本页面效果，如下所示：
&lt;img src=&quot;/images/githubpages/Jekyll_demo.jpg&quot; alt=&quot;&quot; /&gt;&lt;/p&gt;

&lt;h3&gt;Jekyll模板系统&lt;/h3&gt;

&lt;p&gt;为了定制自己的网站，必须要对Jekyll的基本结构有所了解：&lt;/p&gt;

&lt;pre&gt;&lt;code&gt;|-- _config.yml
|-- _includes
|   |-- head.html
|   |-- header.html
|   `-- footer.html
|-- _layouts
|   |-- default.html
|   |-- page.html
|   `-- post.html
|-- _posts
|   `-- 2014-08-31-welcome-to-jekyll.markdown
|-- _site 
`-- index.html
&lt;/code&gt;&lt;/pre&gt;

&lt;h4&gt;_config.yml&lt;/h4&gt;

&lt;p&gt;配置文件，用来定义一些环境变量，放在这个文件里比较方便。比如初始默认的_config.yml:&lt;/p&gt;

&lt;pre&gt;&lt;code&gt;# Site settings
title: Your awesome title
email: your-email@domain.com
description: &amp;gt; # this means to ignore newlines until &quot;baseurl:&quot;
  Write an awesome description for your new site here. You can edit this
  line in _config.yml. It will appear in your document head meta (for
  Google search results) and in your feed.xml site description.
baseurl: &quot;&quot; # the subpath of your site, e.g. /blog/
url: &quot;http://yourdomain.com&quot; # the base hostname &amp;amp; protocol for your site
twitter_username: jekyllrb
github_username:  jekyll

# Build settings
markdown: kramdown
&lt;/code&gt;&lt;/pre&gt;

&lt;p&gt;在接下来的文件中，通过&lt;code&gt;{ { site.title }}&lt;/code&gt;就可以很方便地调用这里定义的title变量了。&lt;/p&gt;

&lt;h4&gt;_includes&lt;/h4&gt;

&lt;p&gt;这里面存放的是一些可重复利用的小文件或模板。你可以在其他文件里通过&lt;code&gt;{％ include filename.ext ％}&lt;/code&gt;这样的命令来调用&lt;em&gt;includes/filename.ext。
举个例子，以下是&lt;/em&gt;layouts/default.html的代码&lt;/p&gt;

&lt;pre&gt;&lt;code&gt;&amp;lt;!DOCTYPE html&amp;gt;
&amp;lt;html&amp;gt;
  {％ include head.html ％}
  &amp;lt;body&amp;gt;
    {％ include header.html ％}
    &amp;lt;div class=&quot;page-content&quot;&amp;gt;
      &amp;lt;div class=&quot;wrapper&quot;&amp;gt;
        { { content }}
      &amp;lt;/div&amp;gt;
    &amp;lt;/div&amp;gt;
    {％ include footer.html ％}
  &amp;lt;/body&amp;gt;
&amp;lt;/html&amp;gt;
&lt;/code&gt;&lt;/pre&gt;

&lt;p&gt;&lt;code&gt;{％ include head.html ％}&lt;/code&gt;表示此处调用&lt;em&gt;includes/head.html的内容，同理，&lt;code&gt;{％ include footer.html ％}&lt;/code&gt;表示调用&lt;/em&gt;includes/footer.html的内容。&lt;/p&gt;

&lt;p&gt;&lt;code&gt;{ { content }}&lt;/code&gt;表示在调用模板后，每个页面的具体内容会被填充到这里，这个暂且搁在这里，接下来会马上提到它实际中的使用例子。这个content两边的双重大括号，是一种叫做&lt;a href=&quot;https://github.com/Shopify/liquid&quot; title=&quot;Liquid&quot;&gt;Liquid&lt;/a&gt;的标记语言。&lt;/p&gt;

&lt;h4&gt;_layouts&lt;/h4&gt;

&lt;p&gt;存放模板文件的地方，最终的网页文件就是通过这些模板拼接起来的。
以下是_layouts/post.html的代码。&lt;/p&gt;

&lt;pre&gt;&lt;code&gt;---
layout: default
---
&amp;lt;div class=&quot;post&quot;&amp;gt;

  &amp;lt;header class=&quot;post-header&quot;&amp;gt;
    &amp;lt;h1 class=&quot;post-title&quot;&amp;gt;{ { page.title }}&amp;lt;/h1&amp;gt;
    &amp;lt;p class=&quot;post-meta&quot;&amp;gt;{ { page.date | date: &quot;%b %-d, %Y&quot; }}&amp;lt;/p&amp;gt;
  &amp;lt;/header&amp;gt;

  &amp;lt;article class=&quot;post-content&quot;&amp;gt;
    { { content }}
  &amp;lt;/article&amp;gt;

&amp;lt;/div&amp;gt;
&lt;/code&gt;&lt;/pre&gt;

&lt;p&gt;开头被&lt;code&gt;---&lt;/code&gt;限定的是一些可以在解析时被引用的变量，我们称之为&lt;code&gt;YAML Front Matter&lt;/code&gt;，会受到Jekyll的特别对待。这里的font-matter起到的作用就是告诉Jekyll在生成网页文件index.html时，去&lt;em&gt;layouts目录下找名为default.html的文件，然后在解析当前文件后，所有内容填充到default.html的&lt;code&gt;{ { content }}&lt;/code&gt;部分里，这里就是以上提到的马上出现的实际例子。注意到page.html里也有一个&lt;code&gt;{ { content }}&lt;/code&gt;，它表示的是，当有其他文件调用&lt;/em&gt;layouts/page.html时，该文件解析后的内容将会被填充到page.html的&lt;code&gt;{ { content }}&lt;/code&gt;里。&lt;/p&gt;

&lt;p&gt;此处的&lt;code&gt;{ { page.title }}&lt;/code&gt;和&lt;code&gt;{ { page.date }}&lt;/code&gt;填充的是调用post.html的文件里所自定义的title变量和date变量。比如，以下是_posts/2014-08-31-welcome-to-jekyll.markdown的开头部分内容。&lt;/p&gt;

&lt;pre&gt;&lt;code&gt;---
layout: post
title:  &quot;Welcome to Jekyll!&quot;
date:   2014-08-31 12:41:53
categories: jekyll update
---
You’ll find this post in your `_posts` directory. Go ahead and edit it and re-build the site to see your changes. You can rebuild the site in many different ways, but the most common way is to run `jekyll serve --watch`, which launches a web server and auto-regenerates your site when a file is updated.
&lt;/code&gt;&lt;/pre&gt;

&lt;p&gt;&lt;code&gt;_posts/2014-08-31-welcome-to-jekyll.markdown&lt;/code&gt;调用&lt;code&gt;_layouts/post.html&lt;/code&gt;，前者定义的&lt;code&gt;title&lt;/code&gt;将被填充到后者的&lt;code&gt;{ { page.title }}&lt;/code&gt;，page对象被用来接受所有未被预定义的自定义变量。方向上刚好跟&lt;code&gt;{ { content }}&lt;/code&gt;的填充相反。&lt;/p&gt;

&lt;h4&gt;_posts&lt;/h4&gt;

&lt;p&gt;博客正文的存在位置, 有其特定的命名规则，必须使用以下统一的格式：&lt;/p&gt;

&lt;pre&gt;&lt;code&gt;YEAR-MONTH-DATE-title.MARKUP
&lt;/code&gt;&lt;/pre&gt;

&lt;p&gt;MAERKUP是你所使用的标记语言的后缀名。 这个文件名会被解析成post.date和post.title变量，供其调用。比如根目录下的index.html文件:&lt;/p&gt;

&lt;pre&gt;&lt;code&gt;---
layout: default
---

&amp;lt;div class=&quot;home&quot;&amp;gt;
  &amp;lt;h1 class=&quot;page-heading&quot;&amp;gt;Posts&amp;lt;/h1&amp;gt;
  &amp;lt;ul class=&quot;post-list&quot;&amp;gt;

      &amp;lt;li&amp;gt;
        &amp;lt;span class=&quot;post-meta&quot;&amp;gt;{ { post.date | date: &quot;%b %-d, %Y&quot; }}&amp;lt;/span&amp;gt;
        &amp;lt;h2&amp;gt;
          &amp;lt;a class=&quot;post-link&quot; href=&quot;{ { post.url | prepend: site.baseurl }}&quot;&amp;gt;{ { post.title }}&amp;lt;/a&amp;gt;
        &amp;lt;/h2&amp;gt;
      &amp;lt;/li&amp;gt;

      &amp;lt;li&amp;gt;
        &amp;lt;span class=&quot;post-meta&quot;&amp;gt;{ { post.date | date: &quot;%b %-d, %Y&quot; }}&amp;lt;/span&amp;gt;
        &amp;lt;h2&amp;gt;
          &amp;lt;a class=&quot;post-link&quot; href=&quot;{ { post.url | prepend: site.baseurl }}&quot;&amp;gt;{ { post.title }}&amp;lt;/a&amp;gt;
        &amp;lt;/h2&amp;gt;
      &amp;lt;/li&amp;gt;

      &amp;lt;li&amp;gt;
        &amp;lt;span class=&quot;post-meta&quot;&amp;gt;{ { post.date | date: &quot;%b %-d, %Y&quot; }}&amp;lt;/span&amp;gt;
        &amp;lt;h2&amp;gt;
          &amp;lt;a class=&quot;post-link&quot; href=&quot;{ { post.url | prepend: site.baseurl }}&quot;&amp;gt;{ { post.title }}&amp;lt;/a&amp;gt;
        &amp;lt;/h2&amp;gt;
      &amp;lt;/li&amp;gt;

  &amp;lt;/ul&amp;gt;
  &amp;lt;p class=&quot;rss-subscribe&quot;&amp;gt;subscribe &amp;lt;a href=&quot;{ { &quot;/feed.xml&quot; | prepend: site.baseurl }}&quot;&amp;gt;via RSS&amp;lt;/a&amp;gt;&amp;lt;/p&amp;gt;
&amp;lt;/div&amp;gt;
&lt;/code&gt;&lt;/pre&gt;

&lt;p&gt;其中的&lt;code&gt;{ { post.date }}&lt;/code&gt;和&lt;code&gt;{ { post.title }}&lt;/code&gt;就是由文件名解析而来。&lt;code&gt;{ { post.url }}&lt;/code&gt;的解析则是由&lt;code&gt;Permalink&lt;/code&gt;得来。&lt;/p&gt;

&lt;p&gt;&lt;code&gt;Permalink&lt;/code&gt;项用来定义你最终的文章链接是什么形式，它有下面几个变量：&lt;/p&gt;

&lt;ul&gt;
&lt;li&gt;&lt;code&gt;year&lt;/code&gt; 文件名中的年份&lt;/li&gt;
&lt;li&gt;&lt;code&gt;month&lt;/code&gt; 文件名中的月份&lt;/li&gt;
&lt;li&gt;&lt;code&gt;day&lt;/code&gt; 文件名中的日期&lt;/li&gt;
&lt;li&gt;&lt;code&gt;title&lt;/code&gt; 文件名中的文章标题&lt;/li&gt;
&lt;li&gt;&lt;code&gt;categories&lt;/code&gt; 文章的分类，如果文章没有分类，会忽略&lt;/li&gt;
&lt;li&gt;&lt;code&gt;i-month&lt;/code&gt; 文件名中的除去前缀0的月份&lt;/li&gt;
&lt;li&gt;&lt;code&gt;i-day&lt;/code&gt; 文件名中的除去前缀0的日期&lt;/li&gt;
&lt;/ul&gt;


&lt;p&gt;看看最终的配置效果：&lt;/p&gt;

&lt;ul&gt;
&lt;li&gt;&lt;code&gt;permalink: pretty&lt;/code&gt; /2009/04/29/slap-chop/index.html&lt;/li&gt;
&lt;li&gt;&lt;code&gt;permalink: /:month-:day-:year/:title.html&lt;/code&gt; /04-29-2009/slap-chop.html&lt;/li&gt;
&lt;li&gt;&lt;code&gt;permalink: /blog/:year/:month/:day/:title&lt;/code&gt; /blog/2009/04/29/slap-chop/index.html&lt;/li&gt;
&lt;/ul&gt;


&lt;p&gt;更多模板变量，可以参考&lt;a href=&quot;https://github.com/mojombo/jekyll/wiki/template-data&quot; title=&quot;Jekyll Template Data&quot;&gt;官方文档&lt;/a&gt;&lt;/p&gt;

&lt;h4&gt;_site&lt;/h4&gt;

&lt;p&gt;Jekyll最终生成的文件将会存放在此。&lt;/p&gt;

&lt;h4&gt;index.html&lt;/h4&gt;

&lt;p&gt;这里就是网站主页的html文件&lt;/p&gt;

&lt;p&gt;通过摆弄这些初始文件，并参考&lt;a href=&quot;https://github.com/jekyll/jekyll/wiki/Sites&quot; title=&quot;Jekyll Themes&quot;&gt;这里&lt;/a&gt;丰富的Jekyll主题网站源码，可以帮助自己学习理解并获(piao)取(qie)网站设计灵感。&lt;/p&gt;

&lt;p&gt;至此，Jekyll介绍完毕。你可以在我们之前创建的&lt;code&gt;username.github.io&lt;/code&gt;repo中，开始为个人网站的最终完成添砖加瓦了。当然你也可以直接fork&lt;a href=&quot;https://github.com/jekyll/jekyll/wiki/Sites&quot; title=&quot;Jekyll Themes&quot;&gt;这里&lt;/a&gt;的source，修改使用别人的模板。&lt;/p&gt;

&lt;h2&gt;Disqus评论托管&lt;/h2&gt;

&lt;p&gt;Jekyll本身不提供评论功能，所以必须使用第三方的服务来托管服务，如Disqus. 注册登录略过不表。点击&lt;code&gt;Add Disqus to your site&lt;/code&gt;，你需要输入Site name，和一个unique Disqus URL，两者默认相关，但是你可以随意更改，然后点击完成。&lt;/p&gt;

&lt;p&gt;在随后提供的多种平台中，选择第一个Universal Code即可。它会根据你之前提供的信息，自动生成一个shortname在以下代码片段中：&lt;/p&gt;

&lt;pre&gt;&lt;code&gt;&amp;lt;script type=&quot;text/javascript&quot;&amp;gt;
        /* * * CONFIGURATION VARIABLES: EDIT BEFORE PASTING INTO YOUR WEBPAGE * * */
        var disqus_shortname = &#39;shanejiang&#39;; // required: replace example with your forum shortname

        /* * * DON&#39;T EDIT BELOW THIS LINE * * */
        (function() {
            var dsq = document.createElement(&#39;script&#39;); dsq.type = &#39;text/javascript&#39;; dsq.async = true;
            dsq.src = &#39;//&#39; + disqus_shortname + &#39;.disqus.com/embed.js&#39;;
            (document.getElementsByTagName(&#39;head&#39;)[0] || document.getElementsByTagName(&#39;body&#39;)[0]).appendChild(dsq);
        })();
    &amp;lt;/script&amp;gt;
    &amp;lt;noscript&amp;gt;Please enable JavaScript to view the &amp;lt;a href=&quot;http://disqus.com/?ref_noscript&quot;&amp;gt;comments powered by Disqus.&amp;lt;/a&amp;gt;&amp;lt;/noscript&amp;gt;
    &amp;lt;a href=&quot;http://disqus.com&quot; class=&quot;dsq-brlink&quot;&amp;gt;comments powered by &amp;lt;span class=&quot;logo-disqus&quot;&amp;gt;Disqus&amp;lt;/span&amp;gt;&amp;lt;/a&amp;gt;
&lt;/code&gt;&lt;/pre&gt;

&lt;p&gt;比如在这里我shortname的就是&#39;shanejiang&#39;。然后将这段代码添加到&lt;em&gt;layouts/post.html中你希望它出现的位置上去。这样子的话你的每一篇blog都将会允许加载评论功能。但有时候你希望对某些文章关闭评论功能，这里有个小技巧可以很方便的实现对每篇blog评论功能开关的控制。是否还记得，所有在&lt;code&gt;YAML Front Matter&lt;/code&gt;里非预定义的变量都会被自动塞到page对象里。也就是说，我可以在每一篇blog的front－matter里添加变量&lt;code&gt;comments: true&lt;/code&gt;或者&lt;code&gt;comments: false&lt;/code&gt;来设置是否开启评论, 然后在&lt;/em&gt;layouts/post.html目标位置插入&lt;/p&gt;

&lt;pre&gt;&lt;code&gt;｛％ if page.comments ％｝
   &amp;lt;script type=&quot;text/javascript&quot;&amp;gt;
        /* * * CONFIGURATION VARIABLES: EDIT BEFORE PASTING INTO YOUR WEBPAGE * * */
        var disqus_shortname = &#39;shanejiang&#39;; // required: replace example with your forum shortname

        /* * * DON&#39;T EDIT BELOW THIS LINE * * */
        (function() {
            var dsq = document.createElement(&#39;script&#39;); dsq.type = &#39;text/javascript&#39;; dsq.async = true;
            dsq.src = &#39;//&#39; + disqus_shortname + &#39;.disqus.com/embed.js&#39;;
            (document.getElementsByTagName(&#39;head&#39;)[0] || document.getElementsByTagName(&#39;body&#39;)[0]).appendChild(dsq);
        })();
    &amp;lt;/script&amp;gt;
    &amp;lt;noscript&amp;gt;Please enable JavaScript to view the &amp;lt;a href=&quot;http://disqus.com/?ref_noscript&quot;&amp;gt;comments powered by Disqus.&amp;lt;/a&amp;gt;&amp;lt;/noscript&amp;gt;
    &amp;lt;a href=&quot;http://disqus.com&quot; class=&quot;dsq-brlink&quot;&amp;gt;comments powered by &amp;lt;span class=&quot;logo-disqus&quot;&amp;gt;Disqus&amp;lt;/span&amp;gt;&amp;lt;/a&amp;gt;
{％ endif ％}
&lt;/code&gt;&lt;/pre&gt;

&lt;p&gt;这样就可以了！&lt;/p&gt;

&lt;h2&gt;结语&lt;/h2&gt;

&lt;p&gt;个人网站设计，一切从零开始，深受&lt;a href=&quot;http://beiyuu.com/&quot; title=&quot;Beiyuu&quot;&gt;Beiyuu&lt;/a&gt; blog的影响和帮助，他的界面简洁清爽，个人非常喜欢，特此感谢！&lt;/p&gt;
</description>
        <pubDate>Sat, 30 Aug 2014 00:00:00 -0400</pubDate>
        <link>http://shanejiang.com/github-pages</link>
        <guid isPermaLink="true">http://shanejiang.com/github-pages</guid>
        
        
        <category>blog</category>
        
      </item>
    
  </channel>
</rss>
